IID,SEX,AGE,smoksort,early_late,surgery,chemotx,RADS,pc1,pc2,pc3,OS_month,DEAD
SIM0001,1,78.0,0,1,1,0,1,-0.00672,-0.00203,-0.00899,113.1,1
SIM0002,2,80.6,1,0,0,0,0,0.01919,-0.02571,0.01322,4.8,1
SIM0003,2,77.3,1,0,0,1,0,0.02809,0.00464,-0.00992,188.9,0
SIM0004,2,90,1,0,0,1,1,0.01521,0.01438,-0.00387,46.3,1
SIM0005,2,60.1,0,0,0,0,0,-0.00338,0.0078,-0.00294,3.4,0
SIM0006,2,54.8,0,1,1,1,0,0.0259,0.0132,0.02004,66.1,1
SIM0007,1,70.5,1,1,1,0,0,-0.0337,-0.00644,-0.00186,90.4,0
SIM0008,1,72.6,1,1,0,1,0,-0.05175,-0.00224,0.01036,90.4,1
SIM0009,1,57.2,2,1,0,0,1,0.00725,0.03455,-0.01161,91.5,1
SIM0010,2,76.2,1,0,1,1,0,0.00294,0.00226,0.01775,79.6,1
SIM0011,1,76.9,1,1,1,0,1,0.03811,0.01933,-0.02188,2.6,0
SIM0012,2,55.2,1,1,0,0,0,0.00281,-0.00596,-0.00091,45.8,0
SIM0013,2,73.6,2,1,0,0,0,0.00716,0.01308,-0.02094,12.3,1
SIM0014,1,56.2,1,0,1,1,0,-0.02328,-0.02218,0.00114,34.6,0
SIM0015,2,64.4,1,0,0,0,0,0.00544,-0.00417,-0.00253,317.2,0
SIM0016,1,85.9,0,0,1,1,0,0.00427,0.00311,-0.03097,18.3,1
SIM0017,1,51.6,2,1,1,1,0,0.0195,-0.00587,-0.02368,65.3,1
SIM0018,1,45.8,1,1,0,1,0,0.03128,-0.04828,0.0057,52.2,1
SIM0019,2,43.4,2,0,1,1,0,-0.00388,0.04175,0.01532,53.6,0
SIM0020,1,69.0,1,1,1,1,0,0.01503,-0.00146,-0.01143,1.2,1
SIM0021,2,68.7,2,0,0,0,0,-0.0015,0.00585,0.02662,16.5,0
SIM0022,1,60.7,0,0,0,1,0,0.0025,0.00094,-0.0021,83.9,0
SIM0023,1,70.8,1,1,1,1,1,0.02225,-0.0495,0.01402,7.2,1
SIM0024,2,74.0,2,1,0,1,0,-0.02219,0.01992,0.01184,6.6,0
SIM0025,2,57.4,1,1,1,1,0,0.02267,-0.00796,0.02325,41.1,0
SIM0026,2,69.0,2,1,1,0,0,0.02729,0.01596,-0.03939,7.6,1
SIM0027,2,53.0,1,0,1,0,0,0.00053,0.00521,0.04783,118.3,1
SIM0028,2,61.9,1,0,0,0,0,0.00307,-0.00025,0.0162,7.6,1
SIM0029,1,60.8,1,1,1,0,0,0.01262,-0.00099,0.01387,5.5,1
SIM0030,2,83.3,2,0,1,0,0,-0.03135,0.01849,-0.01429,5.3,1
SIM0031,2,60.2,1,1,1,0,0,-0.01059,-0.01949,-0.02491,8.5,0
SIM0032,1,65.1,1,1,0,1,0,-0.00903,-0.01117,0.0095,22.6,0
SIM0033,2,78.8,1,1,0,0,0,-0.00166,0.00168,-0.00612,44.7,1
SIM0034,1,68.3,1,1,0,1,0,0.01013,-0.00723,-0.02848,48.3,0
SIM0035,2,83.9,1,1,0,1,1,0.01217,-0.00477,0.00594,5.4,1
SIM0036,2,44.4,1,0,0,1,0,-0.00812,-0.00703,0.01371,40.8,0
SIM0037,1,48.5,1,0,1,0,0,0.01315,0.00339,-0.00576,7.2,0
SIM0038,2,78.3,2,0,0,0,0,-0.02312,-0.0011,-0.01217,1.9,1
SIM0039,1,72.8,2,1,1,0,0,0.01389,-0.0049,0.01213,12.1,0
SIM0040,2,65.1,2,0,1,0,0,0.01475,-0.00177,-0.00294,29.3,1
SIM0041,2,61.8,2,0,1,1,1,0.02142,-0.02716,-0.01148,164.5,1
SIM0042,2,59.5,1,1,0,0,0,0.00654,0.00436,0.03406,14.3,1
SIM0043,1,68.5,1,1,1,0,1,0.00517,-0.00398,-0.02271,110.5,1
SIM0044,1,64.0,0,1,1,1,0,0.0316,-0.02555,-0.00803,26.3,1
SIM0045,2,75.8,1,1,1,1,0,-0.01803,-0.01722,-0.05013,3.4,1
SIM0046,2,46.4,0,0,0,1,0,-0.00791,-0.01163,0.01597,0.8,1
SIM0047,1,62.4,0,1,0,0,0,0.01394,-0.01853,-0.00475,12.0,1
SIM0048,2,85.1,1,0,0,0,0,-0.02425,0.0012,-0.03133,7.6,1
SIM0049,2,74.4,0,1,1,1,0,-0.02828,-0.00173,0.01192,37.7,0
SIM0050,2,71.8,2,1,1,0,0,0.0175,0.0226,-0.01797,38.9,1
SIM0051,1,69.0,1,1,1,0,0,-0.01319,-0.01167,-0.0264,34.2,1
SIM0052,2,75.3,0,0,0,0,1,0.01331,-0.0361,-0.03445,2.3,1
SIM0053,2,64.7,2,1,1,1,1,0.01445,0.02229,-0.00367,32.1,0
SIM0054,1,57.9,2,1,1,0,0,0.00309,0.01138,0.00674,6.5,0
SIM0055,2,79.5,0,1,1,1,1,0.01958,0.05224,0.01509,17.2,1
SIM0056,1,47.1,1,0,0,1,0,-0.01982,0.01676,0.0576,51.8,1
SIM0057,2,61.3,1,0,0,1,0,-0.01223,-0.01547,-0.03476,66.8,1
SIM0058,1,65.5,1,0,1,0,0,-0.01747,5e-05,-0.01869,86.3,1
SIM0059,2,54.7,1,1,1,1,1,0.01065,-0.01576,-0.01239,110.1,1
SIM0060,2,47.6,1,0,1,1,0,-0.03969,0.01865,-0.00094,235.6,0
SIM0061,2,72.0,2,0,1,1,0,0.03226,0.0025,-0.01539,91.6,1
SIM0062,1,69.8,1,1,0,0,1,-0.0009,0.00613,0.01658,34.4,0
SIM0063,1,53.0,2,1,1,1,0,0.00035,0.01994,-0.0028,25.6,0
SIM0064,2,75.1,2,0,0,0,1,-5e-05,-0.02314,0.03357,45.3,0
SIM0065,2,90,1,0,0,1,1,0.00208,0.01528,0.01186,4.3,1
SIM0066,2,66.9,1,0,0,1,0,-0.00243,0.03185,0.01854,35.0,1
SIM0067,2,90,0,0,1,0,0,0.00317,-0.02428,0.00085,44.8,0
SIM0068,1,58.8,2,1,1,1,0,0.02535,0.01377,-0.03723,45.8,1
SIM0069,2,80.8,2,1,0,1,1,0.02651,-0.02923,-0.01826,14.2,1
SIM0070,1,74.0,2,0,1,0,0,0.01777,0.00189,-0.00937,64.0,0
SIM0071,1,70.5,1,1,0,0,0,-0.01049,0.00984,0.02138,10.9,0
SIM0072,1,69.8,2,1,1,0,0,-0.00798,-0.01488,-0.03024,4.6,0
SIM0073,1,59.0,1,1,1,0,0,-0.01547,0.02278,-0.01626,93.4,1
SIM0074,2,67.8,0,0,1,0,0,-0.00809,-0.00918,0.02557,14.7,0
SIM0075,1,63.7,2,0,1,1,1,0.01891,0.01659,-0.00488,142.9,0
SIM0076,1,79.1,2,0,0,1,0,-0.00234,-0.01124,-0.00685,20.4,1
SIM0077,2,68.3,2,0,1,1,1,-0.00792,-0.00891,0.02631,133.4,0
SIM0078,2,70.8,2,0,1,0,0,0.0353,0.03545,0.03859,34.2,0
SIM0079,2,62.4,1,1,1,1,0,0.02417,-0.03105,-0.00342,30.2,1
SIM0080,2,62.1,2,1,0,1,1,-0.02412,-0.00936,0.00901,10.7,1
SIM0081,1,71.9,1,0,1,0,0,-0.01236,0.00354,-0.02378,132.8,1
SIM0082,2,50.7,2,1,1,0,0,0.00261,-0.00206,0.01709,161.0,1
SIM0083,1,54.8,1,0,0,0,1,-0.01111,0.00115,-0.02648,405.0,0
SIM0084,1,69.0,1,0,0,0,0,-0.03484,-0.03322,-0.03746,22.2,1
SIM0085,1,50.5,2,0,1,1,0,0.01213,-0.02382,-0.01947,348.5,0
SIM0086,1,76.8,2,0,1,0,1,0.00151,-0.0166,-0.02339,27.4,1
SIM0087,2,54.0,2,0,0,0,1,0.02911,0.00714,-0.00785,26.9,1
SIM0088,2,68.0,1,0,1,1,0,0.03121,0.03401,0.01739,61.8,0
SIM0089,2,68.5,1,1,1,1,0,0.0098,-0.03401,0.01836,79.8,1
SIM0090,1,68.3,1,0,1,1,0,0.0008,0.00129,0.01797,112.2,1
SIM0091,2,85.1,1,0,0,1,0,0.02318,0.00683,-0.00336,0.4,0
SIM0092,1,68.4,1,0,0,1,0,0.00294,-0.00423,-0.01554,11.1,1
SIM0093,2,68.4,1,1,0,1,0,-0.02543,-0.00046,0.0175,6.6,1
SIM0094,1,60.1,1,0,1,0,1,-0.00644,-0.00813,0.01861,3.9,0
SIM0095,1,57.7,2,1,0,1,0,-0.00247,0.01079,-0.00185,67.2,1
SIM0096,1,62.4,1,1,1,1,1,-0.02264,-0.02347,-0.02337,0.1,1
SIM0097,2,58.0,1,0,0,1,0,-0.01701,-0.02423,0.02298,51.6,1
SIM0098,1,60.5,1,0,1,1,0,0.04071,-0.01762,0.01703,55.0,1
SIM0099,2,65.7,1,0,1,0,0,0.00018,0.00633,0.01782,55.7,0
SIM0100,1,72.5,1,1,0,0,1,0.0299,0.00454,-0.00667,12.8,1
SIM0101,1,59.6,1,1,1,0,1,-0.01476,-0.0063,0.03564,41.5,1
SIM0102,1,82.6,2,0,1,0,1,0.01059,-0.00225,0.00304,72.7,0
SIM0103,2,55.9,1,0,0,1,1,0.01103,-0.00544,0.00788,9.9,1
SIM0104,2,72.4,1,0,1,1,0,0.02923,-0.02609,-0.01247,20.0,0
SIM0105,1,63.0,1,1,1,0,1,-0.00193,-0.01058,-0.01444,3.5,1
SIM0106,1,55.1,1,1,0,1,0,-0.03377,0.00519,0.01892,4.5,0
SIM0107,1,78.2,1,1,1,0,1,-0.0104,-0.00152,-0.01132,16.7,1
SIM0108,1,66.5,1,1,1,0,0,-0.01863,0.01431,0.02879,9.7,1
SIM0109,1,65.3,1,0,0,0,1,0.00363,-0.01499,0.02073,24.1,1
SIM0110,2,59.9,1,0,1,0,0,-0.02507,-0.0082,-0.03695,2.2,1
SIM0111,1,90,1,1,1,0,0,-0.0321,0.02219,0.00717,95.7,1
SIM0112,2,71.8,2,0,1,0,0,-0.01655,0.00828,-0.02106,56.0,0
SIM0113,1,67.4,2,1,1,0,0,-0.03207,0.03089,0.0102,22.2,0
SIM0114,1,54.6,1,0,1,0,1,0.00559,0.0288,-0.01961,141.4,0
SIM0115,1,54.2,1,1,1,0,0,0.03002,0.00496,-0.01247,14.7,1
SIM0116,2,54.7,1,0,1,0,0,-0.00831,-0.0098,-0.01181,166.9,0
SIM0117,2,62.8,0,0,1,1,0,0.01253,0.01699,-0.02798,294.3,0
SIM0118,1,62.3,2,0,1,1,0,0.008,0.01012,0.02282,229.5,0
SIM0119,2,77.4,1,1,1,0,0,0.01625,0.01941,-0.00445,34.3,1
SIM0120,2,72.8,2,1,1,0,0,0.01133,0.00241,0.03569,20.5,1
SIM0121,2,67.5,1,0,0,0,1,0.01263,-0.01169,-0.02171,62.3,1
SIM0122,2,73.3,1,0,1,0,1,-0.00087,-0.00176,0.00393,176.2,1
SIM0123,1,78.0,1,1,1,1,0,-0.00131,0.05015,0.00586,38.5,1
SIM0124,2,78.9,1,0,0,0,1,-0.02284,-0.01081,-0.01107,8.5,0
SIM0125,1,68.7,2,0,1,1,0,0.00488,0.00864,-0.00466,22.6,0
SIM0126,2,72.1,1,0,0,0,0,0.01055,-0.01468,-0.01483,26.8,1
SIM0127,2,74.2,1,1,0,1,1,0.00164,0.01148,0.05061,7.9,1
SIM0128,2,76.1,2,1,1,1,0,0.01155,-0.00378,0.02082,10.5,1
SIM0129,2,50.5,1,0,1,0,0,0.04132,0.04599,0.02119,237.9,0
SIM0130,1,66.0,1,0,0,0,1,-0.00257,-0.02359,0.02649,28.5,1
SIM0131,1,55.6,1,1,1,1,0,0.02076,0.04719,0.00739,10.2,1
SIM0132,2,75.7,1,0,1,1,1,0.0306,-0.01184,0.01101,124.5,0
SIM0133,1,70.6,1,1,0,1,1,0.0042,0.04461,-0.01522,27.1,1
SIM0134,1,84.0,2,0,1,0,1,0.02977,-0.00684,-0.01118,11.0,1
SIM0135,2,70.0,2,1,0,0,0,-0.00379,-0.03197,-0.00211,60.8,1
SIM0136,2,51.0,2,0,1,1,1,-0.00155,0.00383,-0.026,1.2,1
SIM0137,1,63.6,2,0,1,1,0,-0.01621,-0.02229,-0.01956,42.3,0
SIM0138,2,52.7,1,0,1,0,0,0.0031,-0.00628,0.017,51.3,0
SIM0139,1,64.5,1,0,0,1,1,-0.00519,-0.03481,-0.0205,108.7,1
SIM0140,2,70.0,1,1,0,0,0,0.00239,-0.00263,-0.0162,7.3,1
SIM0141,2,73.3,1,0,0,0,0,0.00805,-0.03003,0.00549,9.1,1
SIM0142,1,57.4,0,0,0,1,0,-0.01584,0.00436,-0.0052,11.0,1
SIM0143,1,74.5,1,1,0,1,0,0.01851,0.00426,-0.00438,63.8,1
SIM0144,1,66.7,2,1,0,0,0,0.00673,0.01747,-0.02888,3.5,1
SIM0145,2,73.3,1,0,0,0,0,-0.00011,-0.01263,-0.01408,60.6,0
SIM0146,1,87.7,1,0,0,1,0,0.02156,-0.02106,0.01562,15.7,1
SIM0147,1,70.7,1,1,1,1,0,0.01229,-0.0007,-0.00497,122.9,1
SIM0148,1,83.4,1,0,1,0,0,-0.0063,0.00671,-0.01988,63.4,0
SIM0149,2,66.9,2,1,1,1,0,-0.00937,-0.00587,0.00534,6.8,0
SIM0150,1,62.0,2,0,1,1,0,-0.00642,0.0022,0.00789,37.7,1
SIM0151,2,72.5,1,1,1,0,0,0.00168,-0.02519,-0.02077,114.6,1
SIM0152,1,65.0,2,1,1,1,1,-0.00131,0.00365,0.01127,17.3,0
SIM0153,2,75.5,1,0,1,0,1,-0.03462,-0.00214,0.03916,93.2,1
SIM0154,2,56.7,1,0,1,1,1,-0.01291,-0.00218,0.0027,9.5,1
SIM0155,1,53.5,1,1,1,0,0,-0.00916,0.00688,0.00535,2.2,0
SIM0156,2,66.8,1,0,0,1,1,0.00472,0.02234,0.01372,141.8,1
SIM0157,1,62.9,2,1,0,1,0,-0.00306,-0.01643,-0.02961,70.8,1
SIM0158,1,70.5,1,1,1,0,0,0.02531,0.01048,0.00713,20.2,1
SIM0159,2,71.2,2,1,0,1,0,0.00756,-0.00073,0.00636,9.2,0
SIM0160,1,61.9,1,1,1,0,0,-0.0149,0.02369,0.00639,12.2,1
SIM0161,1,55.9,1,1,1,0,0,-0.01358,0.0171,0.00713,20.4,0
SIM0162,2,62.9,2,0,1,1,0,0.02592,0.03903,-0.02614,0.8,0
SIM0163,1,56.6,1,1,1,0,0,-0.02609,-0.0188,0.04153,6.8,1
SIM0164,1,74.5,1,1,1,1,1,-0.00385,-0.00267,-0.01097,10.5,0
SIM0165,2,50.2,2,1,1,0,0,-0.01229,0.00686,-0.01786,1.1,0
SIM0166,1,58.5,2,1,0,1,0,0.00288,0.00772,-0.01512,16.0,1
SIM0167,1,69.7,0,1,1,0,1,-0.00012,0.0138,0.0014,72.5,1
SIM0168,1,63.2,2,1,1,0,1,0.00282,0.03945,-0.00218,16.0,0
SIM0169,2,53.1,1,1,0,0,0,0.01514,-0.0298,0.00402,4.0,1
SIM0170,1,70.9,2,0,0,1,1,-0.04219,0.01189,-0.01268,11.8,1
SIM0171,2,63.3,1,0,1,1,0,-0.02457,-0.04161,0.00211,16.4,1
SIM0172,2,64.3,0,0,1,0,0,0.01646,0.01786,-0.00059,29.2,1
SIM0173,1,58.4,2,0,1,1,0,-0.02641,0.00803,-0.01237,2.6,1
SIM0174,2,62.0,2,0,0,1,1,-0.01094,-0.00324,0.01058,27.4,0
SIM0175,1,82.6,1,0,0,0,0,0.00091,0.03527,0.03066,22.1,0
SIM0176,1,72.1,1,1,1,1,0,-0.00469,0.00197,-0.01394,28.1,0
SIM0177,1,60.8,2,1,0,0,0,-0.00376,0.00878,-0.04701,20.1,1
SIM0178,1,62.0,1,1,1,1,0,0.03607,-0.00856,-0.00468,87.5,1
SIM0179,1,64.1,1,0,1,0,0,0.02224,0.00862,0.03307,40.0,1
SIM0180,1,76.0,1,1,0,0,0,0.00295,-0.00409,-0.0303,8.3,1
SIM0181,2,66.8,0,0,0,1,0,-0.03944,-0.00997,0.01427,130.4,1
SIM0182,2,61.7,2,1,1,0,0,-0.00656,-0.01244,0.00401,19.4,0
SIM0183,2,87.4,1,1,1,0,0,0.01861,0.01956,0.02646,1.7,1
SIM0184,2,64.2,1,1,1,1,1,0.01218,0.01884,-0.00493,57.3,1
SIM0185,2,71.0,1,0,0,0,0,-0.00988,0.00719,-0.00168,277.6,1
SIM0186,2,60.3,1,1,0,0,0,0.01116,0.00633,-0.01351,73.5,0
SIM0187,2,63.8,2,0,0,1,0,0.01562,0.00943,-0.03073,9.2,0
SIM0188,2,64.7,1,0,1,0,0,-0.00259,0.04526,0.02274,12.0,1
SIM0189,2,73.0,1,1,1,0,0,-0.01768,-0.0084,0.00735,258.2,0
SIM0190,2,53.4,1,0,0,1,0,0.00452,-0.02194,0.00292,31.9,0
SIM0191,2,60.6,0,0,1,0,0,-0.00891,0.0162,-0.01268,128.7,0
SIM0192,2,87.6,2,1,0,1,0,0.00795,-0.02266,-0.0069,11.0,1
SIM0193,2,38.1,2,1,1,0,0,0.01016,0.02019,0.04004,24.2,1
SIM0194,2,84.1,2,1,1,1,1,0.00995,-0.04487,0.0063,9.9,1
SIM0195,1,84.1,0,0,1,0,0,0.03562,0.03092,0.02419,98.6,0
SIM0196,1,75.9,1,0,1,0,1,0.01346,0.01454,0.00956,0.1,1
SIM0197,2,51.8,0,0,1,1,1,-0.00552,0.02392,0.00901,121.2,0
SIM0198,1,67.4,0,1,0,0,0,-0.0048,-0.01052,0.03711,50.2,1
SIM0199,1,78.1,2,0,1,0,1,-0.00377,-0.03078,-0.01071,122.9,1
SIM0200,1,44.3,0,1,1,0,0,0.01789,-0.0082,0.0036,11.2,0
SIM0201,2,75.7,0,0,0,1,0,-0.00321,0.01024,0.01295,5.4,1
SIM0202,1,55.1,2,1,1,0,0,0.00617,-0.02256,0.0122,65.4,0
SIM0203,2,68.3,2,0,1,0,1,0.01526,0.02289,0.00544,27.6,0
SIM0204,1,80.1,1,0,1,0,1,0.01486,-0.00293,0.00225,16.1,1
SIM0205,2,65.0,2,1,0,0,0,0.02325,0.0122,-0.01129,46.4,1
SIM0206,2,85.4,1,1,0,0,0,-0.01802,0.00839,0.02994,25.6,1
SIM0207,1,56.9,1,1,0,0,1,0.00866,0.01025,0.00464,71.6,1
SIM0208,1,63.7,1,0,1,1,0,0.00085,-0.01093,-0.0311,87.1,1
SIM0209,2,64.5,1,1,0,0,1,-0.01946,0.01183,0.02054,26.0,0
SIM0210,2,58.4,1,0,0,0,0,-0.00351,0.02926,0.04172,65.4,1
SIM0211,1,53.3,0,0,1,0,0,-0.01847,0.01581,-0.00373,108.6,0
SIM0212,2,62.1,1,0,0,0,1,-0.02418,-0.01214,-0.02759,5.9,1
SIM0213,2,65.9,1,0,0,0,1,0.02245,0.02611,-0.00606,26.0,1
SIM0214,2,45.4,2,1,0,1,1,0.01623,-0.02378,-0.00614,25.2,0
SIM0215,2,51.7,1,1,1,1,0,-0.01243,-0.0131,0.01389,19.3,0
SIM0216,1,64.3,1,1,1,0,0,-0.00262,-0.01379,-0.00927,33.1,0
SIM0217,1,76.8,1,0,0,0,1,-0.01737,-0.01946,-0.01409,0.1,1
SIM0218,1,66.4,1,1,1,1,1,0.01088,0.00758,-0.02645,19.1,0
SIM0219,1,71.2,1,1,1,1,0,-0.00813,0.00031,-0.04203,112.9,1
SIM0220,2,67.2,2,1,1,0,0,-0.02506,0.01466,-0.00776,115.8,1
SIM0221,1,70.6,1,1,0,0,0,-0.00819,-0.01193,-0.01154,24.0,0
SIM0222,2,52.6,1,0,1,0,0,0.02327,0.00067,-0.01764,47.9,1
SIM0223,2,68.0,1,1,1,0,1,-0.00594,-0.00557,0.00926,4.5,0
SIM0224,1,68.0,1,0,0,1,0,-0.01605,0.04137,0.0041,69.9,1
SIM0225,1,55.4,0,1,0,1,0,0.00262,0.02942,0.01339,51.2,1
SIM0226,1,62.0,2,1,0,1,0,0.0101,0.01663,0.02996,56.4,1
SIM0227,1,65.3,2,0,1,1,0,-0.01524,-0.03041,0.02033,2.2,0
SIM0228,1,49.4,1,1,0,1,0,0.00027,0.00068,-0.00301,12.6,1
SIM0229,1,42.7,1,0,1,0,0,-0.01786,-0.01119,-0.01849,269.6,0
SIM0230,1,64.2,1,1,1,1,0,-0.04452,0.01548,-0.01015,79.7,0
SIM0231,1,55.7,2,1,1,0,0,-4e-05,0.02224,-0.02997,18.9,1
SIM0232,1,62.7,1,0,1,0,0,-0.01411,0.03328,-0.00654,30.8,1
SIM0233,2,70.3,1,0,0,0,1,0.00284,0.00043,-0.00788,29.3,0
SIM0234,1,66.7,1,1,1,0,0,0.01238,-0.00819,0.01696,15.2,1
SIM0235,1,51.9,0,1,1,0,1,0.00777,0.03879,-0.02185,24.1,1
SIM0236,2,52.8,0,1,0,1,0,0.00245,-0.02139,-0.01231,78.7,1
SIM0237,1,58.1,1,0,1,0,0,-0.01427,-0.04835,0.01329,208.0,1
SIM0238,1,44.3,1,0,1,0,0,0.01926,0.02463,0.03403,102.7,0
SIM0239,1,70.9,1,1,1,1,0,-0.03249,-0.0369,0.02152,16.3,0
SIM0240,1,64.7,2,0,0,0,0,0.02193,-0.02787,-0.01954,17.4,0
SIM0241,1,57.7,0,0,1,1,0,-0.00395,-0.00569,0.00271,66.1,1
SIM0242,1,71.9,1,0,1,1,0,0.01885,-0.02416,0.01304,10.4,0
SIM0243,1,66.7,1,1,0,0,1,0.0361,0.02831,0.0006,75.7,1
SIM0244,2,58.5,1,0,0,1,0,0.02495,-0.0187,-0.03414,28.0,1
SIM0245,2,57.0,1,1,0,0,0,0.01022,-0.02125,0.02908,57.3,1
SIM0246,2,63.3,2,1,1,1,0,0.00053,-0.01126,-0.00871,36.7,0
SIM0247,2,64.5,1,0,1,1,0,-0.01324,0.00442,-0.00553,143.9,1
SIM0248,2,79.4,1,0,0,0,1,0.01227,0.02126,-0.02051,51.4,1
SIM0249,1,67.5,1,0,1,0,1,0.02671,0.02516,0.03375,33.6,1
SIM0250,2,48.9,1,1,1,1,0,-0.00912,0.02506,-0.00453,42.8,0
SIM0251,1,71.0,1,0,1,0,1,-0.01132,-0.02409,-0.02858,19.9,0
SIM0252,2,63.9,2,0,1,0,0,-0.0222,-0.0042,0.03007,63.1,0
SIM0253,2,63.6,2,0,0,0,0,-0.01614,0.00065,0.00971,0.7,0
SIM0254,1,64.5,1,0,1,0,0,-0.0033,0.01328,-0.00227,23.5,1
SIM0255,2,72.8,1,1,0,0,0,-0.02202,-0.02071,-0.02237,0.9,1
SIM0256,2,63.1,0,1,1,1,1,-0.00259,0.00899,-0.00017,12.1,1
SIM0257,2,63.4,2,0,0,0,1,0.03228,-0.01975,-0.00299,204.6,1
SIM0258,1,86.1,2,1,1,1,0,-0.04615,0.00422,0.00374,0.1,1
SIM0259,2,62.1,2,0,1,1,0,0.00299,0.00737,0.0108,24.5,0
SIM0260,2,67.0,1,1,0,1,0,-0.00546,-0.00395,0.0147,20.5,0
SIM0261,2,67.7,1,1,0,0,0,0.01449,0.02089,-0.02306,93.4,1
SIM0262,1,35,2,0,1,0,0,0.0115,-0.01851,0.01543,14.6,1
SIM0263,2,64.2,1,1,0,1,0,-0.01539,-0.02718,0.00136,82.3,0
SIM0264,1,44.3,1,0,1,0,0,-0.0151,0.01832,-0.00669,36.8,1
SIM0265,2,66.7,1,0,1,0,1,0.01472,-0.00613,-0.01931,121.2,1
SIM0266,1,52.6,1,1,0,1,0,-0.02535,-0.0308,-0.02607,22.9,0
SIM0267,1,53.4,2,1,1,1,1,0.00364,0.00448,-0.01012,15.4,0
SIM0268,2,51.7,1,0,1,0,0,0.024,-0.01716,-0.01352,135.8,1
SIM0269,1,59.8,1,1,0,1,0,-0.00927,0.0296,-0.01451,58.8,1
SIM0270,2,67.1,1,1,1,0,1,0.00978,-0.01206,0.02383,121.9,0
SIM0271,2,75.4,2,1,1,0,0,-0.00485,-0.01041,0.00027,10.9,1
SIM0272,1,75.7,2,0,1,0,0,0.0249,-0.01437,-0.00572,95.2,1
SIM0273,1,85.7,1,1,0,0,0,-0.01721,0.00644,0.00012,3.9,1
SIM0274,2,74.4,1,1,0,0,0,-0.00785,0.00602,-0.00558,4.7,1
SIM0275,1,62.9,1,1,0,1,0,-0.01685,-0.0026,0.00371,44.3,0
SIM0276,2,71.4,0,0,0,1,0,0.01692,0.01325,-0.02734,128.0,0
SIM0277,2,60.3,2,0,0,1,0,-0.01147,-0.00838,0.00808,21.4,1
SIM0278,2,45.8,2,1,0,0,1,0.0024,-0.03315,0.00346,91.0,1
SIM0279,1,59.4,1,0,0,1,1,-0.01825,0.02528,-0.02204,6.5,1
SIM0280,2,79.7,2,0,0,1,0,-0.0054,0.01507,-0.02122,22.6,1
SIM0281,2,46.9,1,1,1,0,0,-0.00482,0.02517,0.0001,6.0,1
SIM0282,2,56.7,0,0,1,1,0,-0.03002,0.03192,0.00838,120.7,0
SIM0283,1,70.5,1,1,0,1,0,0.00754,-0.02329,0.01552,26.6,1
SIM0284,2,74.4,1,0,1,1,0,-0.00584,-0.04993,0.01764,73.2,1
SIM0285,1,46.4,2,1,0,0,1,0.02787,0.04249,-0.01264,53.4,1
SIM0286,2,60.9,1,1,0,0,1,-0.03576,0.05373,-0.02878,7.1,0
SIM0287,1,62.1,1,0,1,1,0,0.00995,-0.01572,0.02758,104.8,1
SIM0288,2,75.7,2,1,1,1,0,-0.00313,0.00037,-0.00132,86.7,1
SIM0289,2,63.2,1,1,1,0,1,-6e-05,-0.01489,0.02733,18.1,1
SIM0290,1,66.5,0,1,1,0,1,0.02573,0.00772,0.01515,47.6,0
SIM0291,1,60.7,1,1,1,0,0,-0.00183,-0.01576,0.03976,25.9,0
SIM0292,1,79.6,1,1,0,1,0,0.02877,-0.00646,0.00465,1.4,1
SIM0293,2,73.3,2,1,0,0,1,0.0011,-0.00201,-0.01219,16.7,1
SIM0294,1,70.5,2,0,1,1,0,-0.01631,0.01527,-0.00952,80.5,1
SIM0295,1,58.9,1,1,1,0,0,0.04804,0.01459,0.02471,23.3,1
SIM0296,1,67.4,1,0,1,1,1,0.02481,-0.02717,0.00198,20.9,1
SIM0297,2,75.4,1,0,1,0,0,0.01929,-0.00188,0.01316,28.6,0
SIM0298,2,54.2,2,1,1,0,1,0.01301,0.01255,-0.01513,26.1,1
SIM0299,2,63.0,0,1,1,0,0,0.00496,0.00919,0.00901,46.7,1
SIM0300,2,49.8,2,1,1,0,0,-0.02382,-0.00497,0.0286,102.2,0
SIM0301,1,66.4,1,0,0,0,0,-0.01843,0.01167,-0.02111,13.7,0
SIM0302,2,70.7,2,1,1,1,1,-0.03156,-0.02043,-0.00918,12.9,1
SIM0303,1,71.7,1,0,0,1,0,-0.00617,-0.01102,0.01019,46.5,0
SIM0304,2,50.4,1,0,1,0,0,0.00713,-0.0345,-0.00057,107.2,0
SIM0305,2,65.2,1,0,0,0,0,0.01045,0.00468,-0.00136,69.1,1
SIM0306,1,57.3,1,1,0,0,0,-0.01582,-0.01204,-0.00791,45.4,1
SIM0307,1,57.2,2,0,1,0,0,0.00869,0.03178,0.01051,49.5,1
SIM0308,1,82.4,2,1,0,0,1,0.00127,0.02529,0.00375,11.7,1
SIM0309,1,68.4,1,0,1,1,0,-0.00563,0.01173,-0.01771,76.3,0
SIM0310,1,37.3,1,0,1,0,1,0.00917,0.01107,0.02448,10.9,0
SIM0311,2,74.1,1,1,0,1,0,0.01298,0.01882,-0.01337,6.2,1
SIM0312,1,63.6,1,1,0,0,0,0.01257,-0.02106,0.01963,48.1,1
SIM0313,2,64.7,1,0,0,1,1,0.01488,-0.00197,-0.03591,9.6,1
SIM0314,2,76.8,1,1,0,0,1,-0.00669,-0.00992,-0.00652,20.2,1
SIM0315,2,53.4,0,1,1,1,0,0.00599,-0.01502,-0.03132,7.1,1
SIM0316,1,64.6,1,1,0,1,1,0.00862,-0.00805,-0.00937,60.8,1
SIM0317,2,51.7,2,1,0,0,0,-0.04189,-0.00859,4e-05,56.7,1
SIM0318,1,54.5,0,1,0,0,1,-0.00402,0.00186,0.00712,65.9,1
SIM0319,2,72.3,1,1,1,0,0,0.0015,0.00228,-0.04469,10.5,0
SIM0320,2,53.1,1,0,0,1,0,0.00236,0.0346,0.01357,3.0,1
SIM0321,2,48.1,1,0,1,1,0,0.00212,-0.02467,-0.01874,121.1,0
SIM0322,1,90,1,0,1,0,0,0.04419,0.00329,0.00745,8.2,0
SIM0323,1,90,1,0,1,0,0,0.00627,-0.00018,0.00266,89.5,0
SIM0324,1,51.1,1,0,1,0,0,0.03387,0.00108,0.02209,11.3,0
SIM0325,1,64.9,2,0,1,0,0,-0.02028,-0.01782,0.00418,131.4,0
SIM0326,1,61.7,2,0,1,0,1,0.00106,-0.06005,-0.00295,15.9,0
SIM0327,1,83.2,2,0,0,1,0,0.0251,0.0178,0.00644,73.6,1
SIM0328,1,72.9,1,1,0,0,0,-0.00855,-0.02332,-0.01168,59.0,1
SIM0329,1,72.2,1,1,1,1,1,-0.00594,-0.01137,-0.01539,55.0,1
SIM0330,2,48.4,0,0,1,0,0,-0.01298,0.0257,0.03632,68.9,0
SIM0331,1,59.2,2,0,0,0,0,-0.00131,0.04691,-0.00536,35.9,1
SIM0332,1,70.1,1,0,0,0,0,-0.01566,0.0564,-0.00126,13.9,0
SIM0333,1,70.6,2,0,1,1,0,0.01228,-0.00556,-0.00438,123.9,0
SIM0334,1,70.1,0,0,1,1,0,0.00978,0.01072,0.04204,44.7,1
SIM0335,2,72.4,1,0,1,0,0,0.01214,-0.01572,-0.00224,87.9,0
SIM0336,1,55.6,2,1,1,1,1,0.0009,0.01473,0.02364,14.8,1
SIM0337,2,63.3,1,0,0,0,0,0.01209,-0.02039,0.00255,7.0,1
SIM0338,1,71.5,1,1,1,1,1,0.00826,0.00542,-0.01943,24.8,1
SIM0339,2,79.4,1,1,0,0,0,0.00064,-0.01084,-0.02896,14.0,1
SIM0340,1,58.0,1,1,1,0,0,-0.01127,0.02479,0.02851,27.6,1
SIM0341,1,61.0,1,0,1,1,0,-0.01143,-0.01492,0.00995,59.3,0
SIM0342,2,72.4,1,1,1,0,0,0.0156,-0.00027,-0.01798,158.8,1
SIM0343,2,69.5,2,0,1,0,0,-0.00518,0.01228,0.01621,41.5,0
SIM0344,1,75.2,2,0,1,0,1,0.01945,0.01842,-0.01955,37.2,0
SIM0345,2,80.2,0,0,0,0,0,-0.03544,-0.00932,0.02488,91.2,0
SIM0346,2,49.3,2,0,1,0,0,-0.00082,-0.00285,0.01926,202.3,0
SIM0347,1,60.0,2,1,0,0,0,-0.02857,-0.00347,0.02072,64.6,1
SIM0348,2,60.7,2,1,1,0,0,-0.00652,0.01507,-0.0227,11.9,0
SIM0349,1,54.8,1,0,1,1,1,-0.03895,-0.01039,0.03408,63.7,1
SIM0350,2,58.9,1,0,1,1,0,-0.02955,-0.02173,0.00287,70.2,0
SIM0351,1,49.5,1,0,1,1,0,0.01914,-0.01218,0.01679,306.0,1
SIM0352,2,56.5,2,0,0,0,0,0.01057,0.01748,0.00999,30.5,0
SIM0353,2,58.6,2,0,1,0,0,-0.0057,0.03974,-0.00381,306.1,0
SIM0354,2,64.8,2,1,0,0,0,0.00559,0.01154,-0.0285,35.9,1
SIM0355,1,70.8,2,0,1,0,0,0.04365,-0.02288,0.02022,7.2,0
SIM0356,1,60.4,1,1,1,0,0,0.00944,0.01107,-0.02654,78.0,1
SIM0357,2,66.6,1,1,0,1,0,-0.00904,0.01143,0.01425,93.5,1
SIM0358,2,62.3,2,0,1,0,0,-0.01655,0.00951,0.00088,316.8,0
SIM0359,1,67.1,1,1,1,0,0,-0.01679,-0.00765,-0.02801,111.9,1
SIM0360,2,69.4,2,1,1,0,0,0.02141,0.01168,0.00811,4.6,0
SIM0361,2,76.8,1,1,1,1,1,-0.01217,0.00095,-0.00259,58.3,1
SIM0362,2,60.4,2,1,0,0,0,0.00501,0.0084,-0.00301,48.9,0
SIM0363,1,63.7,1,1,1,0,0,0.01074,-0.01234,0.03991,52.4,1
SIM0364,1,64.6,1,0,1,0,0,0.00246,0.04087,-0.03168,52.8,1
SIM0365,1,69.2,0,1,0,1,0,0.01642,-0.02221,-0.00615,2.9,1
SIM0366,2,74.1,2,1,1,0,0,-0.02227,-0.00061,-0.00475,68.2,0
SIM0367,2,72.2,0,0,0,1,0,-0.01161,0.03649,-0.04069,59.9,1
SIM0368,2,64.6,2,1,0,0,0,0.01173,-0.00718,-0.02533,12.0,0
SIM0369,1,66.1,2,0,0,0,0,0.01138,0.00496,0.00723,0.2,1
SIM0370,1,62.8,2,0,1,0,0,-0.01969,0.02165,-0.04114,17.8,0
SIM0371,2,87.7,2,0,1,0,0,0.03733,0.02183,-0.00489,430.6,0
SIM0372,2,63.5,0,1,1,0,0,0.0,0.0435,-0.00444,8.6,0
SIM0373,2,59.5,2,1,0,0,0,0.02515,0.00568,0.0015,20.0,1
SIM0374,2,76.7,1,0,1,0,0,0.00688,0.00808,0.02917,39.0,1
SIM0375,2,51.1,1,0,1,1,0,0.01743,0.00824,-0.04276,355.6,0
SIM0376,1,70.6,1,0,0,1,0,0.01184,-0.01287,-0.00177,0.1,0
SIM0377,1,76.5,0,1,0,1,0,0.02628,-0.00423,-0.00149,13.0,0
SIM0378,2,62.4,2,1,0,1,0,0.00861,-0.00388,0.02222,99.1,1
SIM0379,2,67.3,0,0,1,1,0,0.03096,-0.00831,-0.0034,172.6,0
SIM0380,2,58.4,1,0,0,0,1,-0.01185,-0.00226,0.00934,52.5,0
SIM0381,1,65.8,1,0,0,0,1,0.00851,-0.01976,0.04458,238.7,1
SIM0382,1,62.2,0,0,1,1,1,-0.01202,-0.00047,-0.00535,19.3,1
SIM0383,1,54.0,1,1,0,1,0,-0.00011,-0.01393,0.02119,0.3,1
SIM0384,2,69.6,1,1,0,0,0,0.01313,-0.0071,0.0427,34.6,1
SIM0385,2,56.6,1,0,1,1,1,0.02653,0.01771,0.02417,41.8,1
SIM0386,1,78.4,1,1,1,0,0,0.00642,0.02574,-0.00743,3.8,1
SIM0387,1,50.5,2,0,1,0,1,-0.00666,0.00478,-0.00857,61.4,0
SIM0388,1,74.2,1,0,0,1,0,0.004,-0.00879,0.02251,115.4,1
SIM0389,1,77.6,1,1,1,1,0,-0.03203,-0.04141,0.00866,32.7,1
SIM0390,1,43.1,2,0,0,0,0,-0.00983,0.0033,0.00188,29.9,1
SIM0391,2,68.6,0,0,1,0,0,-0.03404,0.00143,-0.00749,26.8,0
SIM0392,1,79.2,1,1,0,0,1,0.00797,-0.00603,-0.01698,34.0,1
SIM0393,2,72.4,1,0,1,1,0,-0.0021,-0.0039,0.02604,216.6,0
SIM0394,1,48.9,2,1,1,0,1,-0.01304,-0.01343,-0.00845,12.9,1
SIM0395,2,72.3,1,1,1,0,0,0.03705,0.02,0.0036,0.6,0
SIM0396,2,77.7,1,1,1,0,0,-0.0007,-0.00518,0.01297,38.2,0
SIM0397,2,76.6,0,0,1,0,0,0.02068,-0.01862,-0.00474,170.8,0
SIM0398,2,58.2,2,0,1,0,0,0.0196,0.01536,0.04182,100.0,1
SIM0399,2,67.8,1,0,0,1,1,-0.0028,0.01667,-0.00052,36.3,1
SIM0400,1,63.3,1,1,1,0,0,-0.00838,-0.01559,-0.02477,103.0,0
